group,Avg Correct Milestones,Avg Contributions for Correct
Control,3.7142857142857144,11.696428571428571
Treatment,6.0,0.6785714285714286
