group,Avg Correct Milestones,Avg Contributions for Correct
Control,3.7142857142857144,1.4785714285714284
Treatment,6.0,0.5021645021645021
