issue,problem,folder,file,class,method,line,solution,implement
5.6923076923076925,19.53846153846154,33.69230769230769,36.76923076923077,36.84615384615385,38.30769230769231,38.61538461538461,41.69230769230769,45.23076923076923
