issue,problem,folder,file,class,method,line,solution,implement
9.166666666666666,21.833333333333332,41.8,42.0,44.4,46.8,53.5,55.75,57.333333333333336
