issue,problem,folder,file,class,method,line,solution,implement
9.076923076923077,19.76923076923077,32.69230769230769,33.15384615384615,34.69230769230769,35.92307692307692,37.15384615384615,42.53846153846154,46.61538461538461
