issue,problem,folder,file,class,method,line,solution,implement
5.357142857142857,18.571428571428573,35.285714285714285,38.142857142857146,38.357142857142854,39.714285714285715,40.0,42.857142857142854,46.142857142857146
