issue,problem,folder,file,class,method,line,solution,implement
5.357142857142857,18.571428571428573,35.285714285714285,38.142857142857146,38.357142857142854,36.54545454545455,35.9,41.69230769230769,41.22222222222222
