issue,problem,folder,file,class,method,line,solution,implement
9.75,20.916666666666668,30.75,31.25,32.75,34.083333333333336,35.416666666666664,41.25,45.666666666666664
