issue,problem,folder,file,class,method,line,solution,implement
9.076923076923077,19.76923076923077,32.18181818181818,32.27272727272727,34.09090909090909,33.3,34.77777777777778,42.44444444444444,49.285714285714285
