issue,problem,folder,file,class,method,line,solution,implement
6.125,22.125,40.125,40.625,40.875,39.166666666666664,39.833333333333336,45.42857142857143,44.6
