issue,problem,folder,file,class,method,line,solution,implement
10.285714285714286,21.142857142857142,37.833333333333336,38.0,40.166666666666664,42.5,47.0,49.4,53.75
