issue,problem,folder,file,class,method,line,solution,implement
9.75,20.916666666666668,29.8,29.9,31.7,33.3,34.77777777777778,42.44444444444444,49.285714285714285
