issue,problem,folder,file,class,method,line,solution,implement
3.142857142857143,21.0,40.57142857142857,41.57142857142857,41.857142857142854,41.666666666666664,41.2,46.833333333333336,46.25
