issue,problem,folder,file,class,method,line,solution,implement
10.166666666666666,21.333333333333332,38.0,38.0,38.5,42.0,46.0,49.666666666666664,55.333333333333336
